{"北京市":{"市辖区":["东城区","西城区","朝阳区","丰台区","石景山区","海淀区","门头沟区","房山区","通州区","顺义区","昌平区","大兴区","怀柔区","平谷区","密云区","延庆区"]},"天津市":{"市辖区":["和平区","河东区","河西区","南开区","河北区","红桥区","东丽区","西青区","津南区","北辰区","武清区","宝坻区","滨海新区","宁河区","静海区","蓟州区"]},"河北省":{"石家庄市":["长安区","桥西区","新华区","井陉矿区","裕华区","藁城区","鹿泉区","栾城区","井陉县","正定县","行唐县","灵寿县","高邑县","深泽县","赞皇县","无极县","平山县","元氏县","赵县","石家庄高新技术产业开发区","石家庄循环化工园区","辛集市","晋州市","新乐市"],"唐山市":["路南区","路北区","古冶区","开平区","丰南区","丰润区","曹妃甸区","滦县","滦南县","乐亭县","迁西县","玉田县","唐山市芦台经济技术开发区","唐山市汉沽管理区","唐山高新技术产业开发区","河北唐山海港经济开发区","遵化市","迁安市"],"秦皇岛市":["海港区","山海关区","北戴河区","抚宁区","青龙满族自治县","昌黎县","卢龙县","秦皇岛市经济技术开发区","北戴河新区"],"邯郸市":["邯山区","丛台区","复兴区","峰峰矿区","肥乡区","永年区","临漳县","成安县","大名县","涉县","磁县","邱县","鸡泽县","广平县","馆陶县","魏县","曲周县","邯郸经济技术开发区","邯郸冀南新区","武安市"],"邢台市":["桥东区","桥西区","邢台县","临城县","内丘县","柏乡县","隆尧县","任县","南和县","宁晋县","巨鹿县","新河县","广宗县","平乡县","威县","清河县","临西县","河北邢台经济开发区","南宫市","沙河市"],"保定市":["竞秀区","莲池区","满城区","清苑区","徐水区","涞水县","阜平县","定兴县","唐县","高阳县","容城县","涞源县","望都县","安新县","易县","曲阳县","蠡县","顺平县","博野县","雄县","保定高新技术产业开发区","保定白沟新城","涿州市","定州市","安国市","高碑店市"],"张家口市":["桥东区","桥西区","宣化区","下花园区","万全区","崇礼区","张北县","康保县","沽源县","尚义县","蔚县","阳原县","怀安县","怀来县","涿鹿县","赤城县","张家口市高新技术产业开发区","张家口市察北管理区","张家口市塞北管理区"],"承德市":["双桥区","双滦区","鹰手营子矿区","承德县","兴隆县","滦平县","隆化县","丰宁满族自治县","宽城满族自治县","围场满族蒙古族自治县","承德高新技术产业开发区","平泉市"],"沧州市":["新华区","运河区","沧县","青县","东光县","海兴县","盐山县","肃宁县","南皮县","吴桥县","献县","孟村回族自治县","河北沧州经济开发区","沧州高新技术产业开发区","沧州渤海新区","泊头市","任丘市","黄骅市","河间市"],"廊坊市":["安次区","广阳区","固安县","永清县","香河县","大城县","文安县","大厂回族自治县","廊坊经济技术开发区","霸州市","三河市"],"衡水市":["桃城区","冀州区","枣强县","武邑县","武强县","饶阳县","安平县","故城县","景县","阜城县","河北衡水经济开发区","衡水滨湖新区","深州市"]},"山西省":{"太原市":["小店区","迎泽区","杏花岭区","尖草坪区","万柏林区","晋源区","清徐县","阳曲县","娄烦县","山西转型综合改革示范区","古交市"],"大同市":["城区","矿区","南郊区","新荣区","阳高县","天镇县","广灵县","灵丘县","浑源县","左云县","大同县","山西大同经济开发区"],"阳泉市":["城区","矿区","郊区","平定县","盂县","山西阳泉经济开发区"],"长治市":["城区","郊区","长治县","襄垣县","屯留县","平顺县","黎城县","壶关县","长子县","武乡县","沁县","沁源县","山西长治高新技术产业园区","潞城市"],"晋城市":["城区","沁水县","阳城县","陵川县","泽州县","高平市"],"朔州市":["朔城区","平鲁区","山阴县","应县","右玉县","怀仁县","山西朔州经济开发区"],"晋中市":["榆次区","榆社县","左权县","和顺县","昔阳县","寿阳县","太谷县","祁县","平遥县","灵石县","介休市"],"运城市":["盐湖区","临猗县","万荣县","闻喜县","稷山县","新绛县","绛县","垣曲县","夏县","平陆县","芮城县","永济市","河津市"],"忻州市":["忻府区","定襄县","五台县","代县","繁峙县","宁武县","静乐县","神池县","五寨县","岢岚县","河曲县","保德县","偏关县","五台山风景名胜区","原平市"],"临汾市":["尧都区","曲沃县","翼城县","襄汾县","洪洞县","古县","安泽县","浮山县","吉县","乡宁县","大宁县","隰县","永和县","蒲县","汾西县","侯马市","霍州市"],"吕梁市":["离石区","文水县","交城县","兴县","临县","柳林县","石楼县","岚县","方山县","中阳县","交口县","孝义市","汾阳市"]},"内蒙古自治区":{"呼和浩特市":["新城区","回民区","玉泉区","赛罕区","土默特左旗","托克托县","和林格尔县","清水河县","武川县","呼和浩特金海工业园区","呼和浩特经济技术开发区"],"包头市":["东河区","昆都仑区","青山区","石拐区","白云鄂博矿区","九原区","土默特右旗","固阳县","达尔罕茂明安联合旗","包头稀土高新技术产业开发区"],"乌海市":["海勃湾区","海南区","乌达区"],"赤峰市":["红山区","元宝山区","松山区","阿鲁科尔沁旗","巴林左旗","巴林右旗","林西县","克什克腾旗","翁牛特旗","喀喇沁旗","宁城县","敖汉旗"],"通辽市":["科尔沁区","科尔沁左翼中旗","科尔沁左翼后旗","开鲁县","库伦旗","奈曼旗","扎鲁特旗","通辽经济技术开发区","霍林郭勒市"],"鄂尔多斯市":["东胜区","康巴什区","达拉特旗","准格尔旗","鄂托克前旗","鄂托克旗","杭锦旗","乌审旗","伊金霍洛旗"],"呼伦贝尔市":["海拉尔区","扎赉诺尔区","阿荣旗","莫力达瓦达斡尔族自治旗","鄂伦春自治旗","鄂温克族自治旗","陈巴尔虎旗","新巴尔虎左旗","新巴尔虎右旗","满洲里市","牙克石市","扎兰屯市","额尔古纳市","根河市"],"巴彦淖尔市":["临河区","五原县","磴口县","乌拉特前旗","乌拉特中旗","乌拉特后旗","杭锦后旗"],"乌兰察布市":["集宁区","卓资县","化德县","商都县","兴和县","凉城县","察哈尔右翼前旗","察哈尔右翼中旗","察哈尔右翼后旗","四子王旗","丰镇市"],"兴安盟":["乌兰浩特市","阿尔山市","科尔沁右翼前旗","科尔沁右翼中旗","扎赉特旗","突泉县"],"锡林郭勒盟":["二连浩特市","锡林浩特市","阿巴嘎旗","苏尼特左旗","苏尼特右旗","东乌珠穆沁旗","西乌珠穆沁旗","太仆寺旗","镶黄旗","正镶白旗","正蓝旗","多伦县","乌拉盖管委会"],"阿拉善盟":["阿拉善左旗","阿拉善右旗","额济纳旗","内蒙古阿拉善经济开发区"]},"辽宁省":{"沈阳市":["和平区","沈河区","大东区","皇姑区","铁西区","苏家屯区","浑南区","沈北新区","于洪区","辽中区","康平县","法库县","新民市"],"大连市":["中山区","西岗区","沙河口区","甘井子区","旅顺口区","金州区","普兰店区","长海县","瓦房店市","庄河市"],"鞍山市":["铁东区","铁西区","立山区","千山区","台安县","岫岩满族自治县","海城市"],"抚顺市":["新抚区","东洲区","望花区","顺城区","抚顺县","新宾满族自治县","清原满族自治县"],"本溪市":["平山区","溪湖区","明山区","南芬区","本溪满族自治县","桓仁满族自治县"],"丹东市":["元宝区","振兴区","振安区","宽甸满族自治县","东港市","凤城市"],"锦州市":["古塔区","凌河区","太和区","黑山县","义县","凌海市","北镇市"],"营口市":["站前区","西市区","鲅鱼圈区","老边区","盖州市","大石桥市"],"阜新市":["海州区","新邱区","太平区","清河门区","细河区","阜新蒙古族自治县","彰武县"],"辽阳市":["白塔区","文圣区","宏伟区","弓长岭区","太子河区","辽阳县","灯塔市"],"盘锦市":["双台子区","兴隆台区","大洼区","盘山县"],"铁岭市":["银州区","清河区","铁岭县","西丰县","昌图县","调兵山市","开原市"],"朝阳市":["双塔区","龙城区","朝阳县","建平县","喀喇沁左翼蒙古族自治县","北票市","凌源市"],"葫芦岛市":["连山区","龙港区","南票区","绥中县","建昌县","兴城市"]},"吉林省":{"长春市":["南关区","宽城区","朝阳区","二道区","绿园区","双阳区","九台区","农安县","长春经济技术开发区","长春净月高新技术产业开发区","长春高新技术产业开发区","长春汽车经济技术开发区","榆树市","德惠市"],"吉林市":["昌邑区","龙潭区","船营区","丰满区","永吉县","吉林经济开发区","吉林高新技术产业开发区","吉林中国新加坡食品区","蛟河市","桦甸市","舒兰市","磐石市"],"四平市":["铁西区","铁东区","梨树县","伊通满族自治县","公主岭市","双辽市"],"辽源市":["龙山区","西安区","东丰县","东辽县"],"通化市":["东昌区","二道江区","通化县","辉南县","柳河县","梅河口市","集安市"],"白山市":["浑江区","江源区","抚松县","靖宇县","长白朝鲜族自治县","临江市"],"松原市":["宁江区","前郭尔罗斯蒙古族自治县","长岭县","乾安县","吉林松原经济开发区","扶余市"],"白城市":["洮北区","镇赉县","通榆县","吉林白城经济开发区","洮南市","大安市"],"延边朝鲜族自治州":["延吉市","图们市","敦化市","珲春市","龙井市","和龙市","汪清县","安图县"]},"黑龙江省":{"哈尔滨市":["道里区","南岗区","道外区","平房区","松北区","香坊区","呼兰区","阿城区","双城区","依兰县","方正县","宾县","巴彦县","木兰县","通河县","延寿县","尚志市","五常市"],"齐齐哈尔市":["龙沙区","建华区","铁锋区","昂昂溪区","富拉尔基区","碾子山区","梅里斯达斡尔族区","龙江县","依安县","泰来县","甘南县","富裕县","克山县","克东县","拜泉县","讷河市"],"鸡西市":["鸡冠区","恒山区","滴道区","梨树区","城子河区","麻山区","鸡东县","虎林市","密山市"],"鹤岗市":["向阳区","工农区","南山区","兴安区","东山区","兴山区","萝北县","绥滨县"],"双鸭山市":["尖山区","岭东区","四方台区","宝山区","集贤县","友谊县","宝清县","饶河县"],"大庆市":["萨尔图区","龙凤区","让胡路区","红岗区","大同区","肇州县","肇源县","林甸县","杜尔伯特蒙古族自治县","大庆高新技术产业开发区"],"伊春市":["伊春区","南岔区","友好区","西林区","翠峦区","新青区","美溪区","金山屯区","五营区","乌马河区","汤旺河区","带岭区","乌伊岭区","红星区","上甘岭区","嘉荫县","铁力市"],"佳木斯市":["向阳区","前进区","东风区","郊区","桦南县","桦川县","汤原县","同江市","富锦市","抚远市"],"七台河市":["新兴区","桃山区","茄子河区","勃利县"],"牡丹江市":["东安区","阳明区","爱民区","西安区","林口县","牡丹江经济技术开发区","绥芬河市","海林市","宁安市","穆棱市","东宁市"],"黑河市":["爱辉区","嫩江县","逊克县","孙吴县","北安市","五大连池市"],"绥化市":["北林区","望奎县","兰西县","青冈县","庆安县","明水县","绥棱县","安达市","肇东市","海伦市"],"大兴安岭地区":["加格达奇区","松岭区","新林区","呼中区","呼玛县","塔河县","漠河县"]},"上海市":{"市辖区":["黄浦区","徐汇区","长宁区","静安区","普陀区","虹口区","杨浦区","闵行区","宝山区","嘉定区","浦东新区","金山区","松江区","青浦区","奉贤区","崇明区"]},"江苏省":{"南京市":["玄武区","秦淮区","建邺区","鼓楼区","浦口区","栖霞区","雨花台区","江宁区","六合区","溧水区","高淳区"],"无锡市":["锡山区","惠山区","滨湖区","梁溪区","新吴区","江阴市","宜兴市"],"徐州市":["鼓楼区","云龙区","贾汪区","泉山区","铜山区","丰县","沛县","睢宁县","徐州经济技术开发区","新沂市","邳州市"],"常州市":["天宁区","钟楼区","新北区","武进区","金坛区","溧阳市"],"苏州市":["虎丘区","吴中区","相城区","姑苏区","吴江区","苏州工业园区","常熟市","张家港市","昆山市","太仓市"],"南通市":["崇川区","港闸区","通州区","海安县","如东县","南通经济技术开发区","启东市","如皋市","海门市"],"连云港市":["连云区","海州区","赣榆区","东海县","灌云县","灌南县","连云港经济技术开发区","连云港高新技术产业开发区"],"淮安市":["淮安区","淮阴区","清江浦区","洪泽区","涟水县","盱眙县","金湖县","淮安经济技术开发区"],"盐城市":["亭湖区","盐都区","大丰区","响水县","滨海县","阜宁县","射阳县","建湖县","盐城经济技术开发区","东台市"],"扬州市":["广陵区","邗江区","江都区","宝应县","扬州经济技术开发区","仪征市","高邮市"],"镇江市":["京口区","润州区","丹徒区","镇江新区","丹阳市","扬中市","句容市"],"泰州市":["海陵区","高港区","姜堰区","泰州医药高新技术产业开发区","兴化市","靖江市","泰兴市"],"宿迁市":["宿城区","宿豫区","沭阳县","泗阳县","泗洪县","宿迁经济技术开发区"]},"浙江省":{"杭州市":["上城区","下城区","江干区","拱墅区","西湖区","滨江区","萧山区","余杭区","富阳区","临安区","桐庐县","淳安县","建德市"],"宁波市":["海曙区","江北区","北仑区","镇海区","鄞州区","奉化区","象山县","宁海县","余姚市","慈溪市"],"温州市":["鹿城区","龙湾区","瓯海区","洞头区","永嘉县","平阳县","苍南县","文成县","泰顺县","温州经济技术开发区","瑞安市","乐清市"],"嘉兴市":["南湖区","秀洲区","嘉善县","海盐县","海宁市","平湖市","桐乡市"],"湖州市":["吴兴区","南浔区","德清县","长兴县","安吉县"],"绍兴市":["越城区","柯桥区","上虞区","新昌县","诸暨市","嵊州市"],"金华市":["婺城区","金东区","武义县","浦江县","磐安县","兰溪市","义乌市","东阳市","永康市"],"衢州市":["柯城区","衢江区","常山县","开化县","龙游县","江山市"],"舟山市":["定海区","普陀区","岱山县","嵊泗县"],"台州市":["椒江区","黄岩区","路桥区","三门县","天台县","仙居县","温岭市","临海市","玉环市"],"丽水市":["莲都区","青田县","缙云县","遂昌县","松阳县","云和县","庆元县","景宁畲族自治县","龙泉市"]},"安徽省":{"合肥市":["瑶海区","庐阳区","蜀山区","包河区","长丰县","肥东县","肥西县","庐江县","合肥高新技术产业开发区","合肥经济技术开发区","合肥新站高新技术产业开发区","巢湖市"],"芜湖市":["镜湖区","弋江区","鸠江区","三山区","芜湖县","繁昌县","南陵县","无为县","芜湖经济技术开发区","安徽芜湖长江大桥经济开发区"],"蚌埠市":["龙子湖区","蚌山区","禹会区","淮上区","怀远县","五河县","固镇县","蚌埠市高新技术开发区","蚌埠市经济开发区"],"淮南市":["大通区","田家庵区","谢家集区","八公山区","潘集区","凤台县","寿县"],"马鞍山市":["花山区","雨山区","博望区","当涂县","含山县","和县"],"淮北市":["杜集区","相山区","烈山区","濉溪县"],"铜陵市":["铜官区","义安区","郊区","枞阳县"],"安庆市":["迎江区","大观区","宜秀区","怀宁县","潜山县","太湖县","宿松县","望江县","岳西县","安徽安庆经济开发区","桐城市"],"黄山市":["屯溪区","黄山区","徽州区","歙县","休宁县","黟县","祁门县"],"滁州市":["琅琊区","南谯区","来安县","全椒县","定远县","凤阳县","苏滁现代产业园","滁州经济技术开发区","天长市","明光市"],"阜阳市":["颍州区","颍东区","颍泉区","临泉县","太和县","阜南县","颍上县","阜阳合肥现代产业园区","阜阳经济技术开发区","界首市"],"宿州市":["埇桥区","砀山县","萧县","灵璧县","泗县","宿州马鞍山现代产业园区","宿州经济技术开发区"],"六安市":["金安区","裕安区","叶集区","霍邱县","舒城县","金寨县","霍山县"],"亳州市":["谯城区","涡阳县","蒙城县","利辛县"],"池州市":["贵池区","东至县","石台县","青阳县"],"宣城市":["宣州区","郎溪县","广德县","泾县","绩溪县","旌德县","宣城市经济开发区","宁国市"]},"福建省":{"福州市":["鼓楼区","台江区","仓山区","马尾区","晋安区","闽侯县","连江县","罗源县","闽清县","永泰县","平潭县","福清市","长乐市"],"厦门市":["思明区","海沧区","湖里区","集美区","同安区","翔安区"],"莆田市":["城厢区","涵江区","荔城区","秀屿区","仙游县"],"三明市":["梅列区","三元区","明溪县","清流县","宁化县","大田县","尤溪县","沙县","将乐县","泰宁县","建宁县","永安市"],"泉州市":["鲤城区","丰泽区","洛江区","泉港区","惠安县","安溪县","永春县","德化县","金门县","石狮市","晋江市","南安市"],"漳州市":["芗城区","龙文区","云霄县","漳浦县","诏安县","长泰县","东山县","南靖县","平和县","华安县","龙海市"],"南平市":["延平区","建阳区","顺昌县","浦城县","光泽县","松溪县","政和县","邵武市","武夷山市","建瓯市"],"龙岩市":["新罗区","永定区","长汀县","上杭县","武平县","连城县","漳平市"],"宁德市":["蕉城区","霞浦县","古田县","屏南县","寿宁县","周宁县","柘荣县","福安市","福鼎市"]},"江西省":{"南昌市":["东湖区","西湖区","青云谱区","湾里区","青山湖区","新建区","南昌县","安义县","进贤县"],"景德镇市":["昌江区","珠山区","浮梁县","乐平市"],"萍乡市":["安源区","湘东区","莲花县","上栗县","芦溪县"],"九江市":["濂溪区","浔阳区","柴桑区","武宁县","修水县","永修县","德安县","都昌县","湖口县","彭泽县","瑞昌市","共青城市","庐山市"],"新余市":["渝水区","分宜县"],"鹰潭市":["月湖区","余江县","贵溪市"],"赣州市":["章贡区","南康区","赣县区","信丰县","大余县","上犹县","崇义县","安远县","龙南县","定南县","全南县","宁都县","于都县","兴国县","会昌县","寻乌县","石城县","瑞金市"],"吉安市":["吉州区","青原区","吉安县","吉水县","峡江县","新干县","永丰县","泰和县","遂川县","万安县","安福县","永新县","井冈山市"],"宜春市":["袁州区","奉新县","万载县","上高县","宜丰县","靖安县","铜鼓县","丰城市","樟树市","高安市"],"抚州市":["临川区","东乡区","南城县","黎川县","南丰县","崇仁县","乐安县","宜黄县","金溪县","资溪县","广昌县"],"上饶市":["信州区","广丰区","上饶县","玉山县","铅山县","横峰县","弋阳县","余干县","鄱阳县","万年县","婺源县","德兴市"]},"山东省":{"济南市":["历下区","市中区","槐荫区","天桥区","历城区","长清区","章丘区","平阴县","济阳县","商河县","济南高新技术产业开发区"],"青岛市":["市南区","市北区","黄岛区","崂山区","李沧区","城阳区","即墨区","青岛高新技术产业开发区","胶州市","平度市","莱西市"],"淄博市":["淄川区","张店区","博山区","临淄区","周村区","桓台县","高青县","沂源县"],"枣庄市":["市中区","薛城区","峄城区","台儿庄区","山亭区","滕州市"],"东营市":["东营区","河口区","垦利区","利津县","广饶县","东营经济技术开发区","东营港经济开发区"],"烟台市":["芝罘区","福山区","牟平区","莱山区","长岛县","烟台高新技术产业开发区","烟台经济技术开发区","龙口市","莱阳市","莱州市","蓬莱市","招远市","栖霞市","海阳市"],"潍坊市":["潍城区","布尔津县","富蕴县","福海县","哈巴河县","青河县","吉木乃县"],"自治区直辖县级行政区划":["石河子市","阿拉尔市","图木舒克市","五家渠市","铁门关市"]}}
